<?xml version="1.0" encoding="UTF-8" standalone="yes"?>
<addon id="plugin.video.olga" name="Olga" version="1.0.1" provider-name="wkia">
    <requires>
        <import addon="xbmc.python" version="2.1.0"/>
        <import addon="script.module.simplejson" version="3.3.0"/>
    </requires>
    <extension point="xbmc.python.pluginsource" library="default.py">
        <provides>video</provides>
    </extension>
    <extension point="xbmc.addon.metadata">
        <platform>all</platform>
        <language>en</language>
        <license>GPL 2.0</license>
        <summary lang="en">Random video playlist generator</summary>
        <description lang="en">
            The Olga plugin generates a random playlist from the choosen TV show episodes for the choosen
            time range (30, 60, 90 or custom value minutes).
        </description>
    </extension>
</addon>

