<?xml version="1.0" encoding="UTF-8" standalone="yes"?>
<addon id="repository.wkia" name="wkia's XBMC Addons" version="1.0.0" provider-name="wkia">
	<extension point="xbmc.addon.repository" name="wkia's XBMC Addon Repository">
		<info compressed="false">http://github.com/wkia/kodi-addon-repo/raw/master/addons.xml</info>
		<checksum>http://github.com/wkia/kodi-addon-repo/raw/master/addons.xml.md5</checksum>
		<datadir zip="true">http://github.com/wkia/kodi-addon-repo/raw/master</datadir>
	</extension>
	<extension point="xbmc.addon.metadata">
		<summary>Install wkia's Addons</summary>
		<description>Download and install addons by wkia</description>
		<platform>all</platform>
	</extension>
</addon>