<?xml version="1.0" encoding="UTF-8" standalone="yes"?>
<addon id="plugin.video.olga" name="Olga" version="0.0.3" provider-name="wkia">
    <requires>
        <import addon="xbmc.python" version="2.1.0"/>
        <import addon="script.module.simplejson" version="3.3.0"/>
    </requires>
    <extension point="xbmc.python.pluginsource" library="default.py">
        <provides>video</provides>
    </extension>
    <extension point="xbmc.addon.metadata">
        <platform>all</platform>
        <language>en</language>
        <license>GPL 2.0</license>
        <summary lang="en">olga plugin summary</summary>
        <description lang="en">
            olga plugin description
        </description>
    </extension>
</addon>

