<?xml version="1.0" encoding="UTF-8" standalone="yes"?>
<addon id="plugin.video.olga" name="olga" version="0.0.1" provider-name="olga author">
    <requires>
        <import addon="xbmc.python" version="2.1.0"/>
    </requires>
    <extension point="xbmc.python.pluginsource" library="default.py">
        <provides>video</provides>
    </extension>
    <extension point="xbmc.addon.metadata">
        <platform>all</platform>
        <language>en</language>
        <license>GPL 3.0</license>
        <summary lang="en">olga plugin summary</summary>
        <description lang="en">
            olga plugin description
        </description>
    </extension>
</addon>

