<?xml version="1.0" encoding="UTF-8" standalone="yes"?>
<addon id="plugin.audio.openlast" name="Openlast" version="0.3.0" provider-name="wkia">
    <requires>
        <import addon="xbmc.python" version="2.1.0"/>
        <import addon="script.module.simplejson" version="3.3.0"/>
    </requires>
    <extension point="xbmc.python.pluginsource" library="default.py">
        <provides>audio</provides>
    </extension>
    <extension point="xbmc.addon.metadata" name="openlast.metadata">
        <platform>all</platform>
        <language>en</language>
        <license>GPL 2.0</license>
        <!--forum>http://forum.kodi.tv/showthread.php?tid=223813</forum-->
        <website>http://openlast.wkia.net.ru</website>
        <source>https://github.com/wkia/kodi-addon-repo</source>
        <summary lang="en">openlast radio</summary>
        <description lang="en">
            openlast radio description
        </description>
    </extension>
</addon>

